feature,feature_chinese_names,NC-mean,NC-std,NC-range,AD-mean,AD-std,AD-range
SFG_L_7_1,左侧额上回_7_1,2201.468,308.2005,1893.2673-2509.6682,2075.028,328.9124,1746.1155-2403.9402
SFG_R_7_1,右侧额上回_7_1,2816.049,374.6208,2441.4282-3190.6699,2659.529,394.7021,2264.8271-3054.2314
SFG_L_7_2,左侧额上回_7_2,2219.641,296.8989,1922.7424-2516.5403,2071.131,320.8372,1750.2942-2391.9685
SFG_R_7_2,右侧额上回_7_2,2055.306,286.5394,1768.7667-2341.8457,1901.384,322.7255,1578.6583-2224.1094
SFG_L_7_3,左侧额上回_7_3,2234.948,256.3893,1978.5583-2491.3372,2129.546,260.4398,1869.1066-2389.9861
SFG_R_7_3,右侧额上回_7_3,2694.992,330.8386,2364.1533-3025.8306,2583.207,349.9375,2233.269-2933.144
SFG_L_7_4,左侧额上回_7_4,1713.439,253.7204,1459.7183-1967.1592,1627.224,290.1496,1337.075-1917.374
SFG_R_7_4,右侧额上回_7_4,1818.024,281.5807,1536.4435-2099.6047,1713.786,314.1892,1399.5973-2027.9757
SFG_L_7_5,左侧额上回_7_5,2249.891,312.4239,1937.4675-2562.3152,2112.492,345.3875,1767.1045-2457.8794
SFG_R_7_5,右侧额上回_7_5,2116.543,307.7925,1808.7502-2424.3352,1979.153,345.0027,1634.1508-2324.1562
SFG_L_7_6,左侧额上回_7_6,2014.696,262.1651,1752.5312-2276.8613,1874.146,257.2015,1616.9447-2131.3477
SFG_R_7_6,右侧额上回_7_6,2769.86,396.3967,2373.4629-3166.2563,2584.928,390.0161,2194.9124-2974.9446
SFG_L_7_7,左侧额上回_7_7,3173.828,369.1625,2804.6655-3542.9907,2981.866,398.7337,2583.1321-3380.5994
SFG_R_7_7,右侧额上回_7_7,2937.222,367.3746,2569.8479-3304.5969,2788.575,399.0695,2389.5051-3187.6443
MFG_L_7_1,左侧额中回_7_1,2949.257,397.2253,2552.0312-3346.4819,2718.554,404.3983,2314.1555-3122.9519
MFG_R_7_1,右侧额中回_7_1,2867.442,385.2585,2482.1833-3252.7004,2634.492,416.7614,2217.7302-3051.2532
MFG_L_7_2,左侧额中回_7_2,1972.306,286.0905,1686.2156-2258.3965,1788.933,288.2729,1500.6597-2077.2056
MFG_R_7_2,右侧额中回_7_2,1622.07,267.726,1354.344-1889.7959,1467.737,265.0792,1202.658-1732.8164
MFG_L_7_3,左侧额中回_7_3,2249.711,296.7693,1952.9421-2546.4807,2076.272,320.4213,1755.8507-2396.6934
MFG_R_7_3,右侧额中回_7_3,3023.491,367.1265,2656.3643-3390.6172,2816.411,400.9504,2415.4604-3217.3613
MFG_L_7_4,左侧额中回_7_4,2627.747,381.074,2246.6726-3008.8206,2433.844,414.4377,2019.4058-2848.2812
MFG_R_7_4,右侧额中回_7_4,2954.502,409.219,2545.2827-3363.7207,2752.772,417.5061,2335.2659-3170.2781
MFG_L_7_5,左侧额中回_7_5,2715.884,383.203,2332.6809-3099.0872,2474.892,411.0714,2063.821-2885.9636
MFG_R_7_5,右侧额中回_7_5,2505.533,398.4555,2107.0774-2903.9885,2364.797,386.4925,1978.3047-2751.2896
MFG_L_7_6,左侧额中回_7_6,1631.232,235.7228,1395.5093-1866.9548,1498.008,279.4009,1218.6072-1777.4092
MFG_R_7_6,右侧额中回_7_6,1704.69,267.652,1437.0381-1972.342,1598.008,293.046,1304.9617-1891.0537
MFG_L_7_7,左侧额中回_7_7,2403.98,298.884,2105.0964-2702.8645,2250.247,312.9561,1937.2908-2563.2029
MFG_R_7_7,右侧额中回_7_7,3235.069,384.2939,2850.7747-3619.3625,3066.43,413.981,2652.449-3480.4109
IFG_L_6_1,左侧额下回_6_1,912.9459,134.3274,778.6185-1047.2732,837.8645,140.8434,697.0211-978.7079
IFG_R_6_1,右侧额下回_6_1,1105.927,181.4088,924.5177-1287.3353,994.2163,178.731,815.4853-1172.9473
IFG_L_6_2,左侧额下回_6_2,1189.341,183.4727,1005.8683-1372.8138,1095.251,194.6851,900.5663-1289.9365
IFG_R_6_2,右侧额下回_6_2,990.7704,153.4881,837.2823-1144.2585,919.149,149.057,770.092-1068.2059
IFG_L_6_3,左侧额下回_6_3,924.5103,145.055,779.4553-1069.5653,875.3262,147.5636,727.7626-1022.8899
IFG_R_6_3,右侧额下回_6_3,1178.789,186.4917,992.2975-1365.2809,1150.931,191.9108,959.0203-1342.8419
IFG_L_6_4,左侧额下回_6_4,1164.039,160.0799,1003.9589-1324.1187,1101.785,181.4689,920.316-1283.2538
IFG_R_6_4,右侧额下回_6_4,1285.358,168.4412,1116.9165-1453.7991,1240.672,187.1378,1053.5341-1427.8097
IFG_L_6_5,左侧额下回_6_5,1687.126,223.4784,1463.6476-1910.6044,1510.721,233.3575,1277.3639-1744.0787
IFG_R_6_5,右侧额下回_6_5,1925.904,246.0638,1679.8401-2171.9678,1778.973,254.0751,1524.8978-2033.0482
IFG_L_6_6,左侧额下回_6_6,922.7729,127.3877,795.3853-1050.1606,902.3745,133.5583,768.8162-1035.9329
IFG_R_6_6,右侧额下回_6_6,891.6466,142.7749,748.8717-1034.4215,840.0392,143.0674,696.9718-983.1066
OrG_L_6_1,左侧眶额_6_1,1742.594,258.7979,1483.7964-2001.3921,1601.45,261.5892,1339.8606-1863.0391
OrG_R_6_1,右侧眶额_6_1,2109.827,290.7416,1819.0858-2400.5688,1938.268,303.7565,1634.5117-2242.0249
OrG_L_6_2,左侧眶额_6_2,1782.564,210.4115,1572.153-1992.976,1690.982,221.586,1469.396-1912.5681
OrG_R_6_2,右侧眶额_6_2,1620.318,190.975,1429.3434-1811.2933,1553.175,214.1262,1339.0491-1767.3015
OrG_L_6_3,左侧眶额_6_3,3160.629,371.6523,2788.9771-3532.2817,2968.423,408.6959,2559.7271-3377.1187
OrG_R_6_3,右侧眶额_6_3,4402.28,496.6814,3905.5984-4898.9609,4169.221,538.8508,3630.3699-4708.0713
OrG_L_6_4,左侧眶额_6_4,2004.347,243.0051,1761.3423-2247.3523,1897.891,253.2421,1644.6487-2151.1331
OrG_R_6_4,右侧眶额_6_4,2444.902,280.7109,2164.1912-2725.613,2342.1,305.6784,2036.4218-2647.7786
OrG_L_6_5,左侧眶额_6_5,3522.479,452.9055,3069.5737-3975.3848,3185.182,495.5656,2689.616-3680.7473
OrG_R_6_5,右侧眶额_6_5,2973.253,361.1874,2612.0654-3334.4404,2715.942,413.5353,2302.4072-3129.4775
OrG_L_6_6,左侧眶额_6_6,1978.053,246.9317,1731.1212-2224.9846,1856.486,263.0562,1593.4297-2119.542
OrG_R_6_6,右侧眶额_6_6,1778.558,227.4636,1551.0948-2006.0221,1654.919,239.759,1415.1602-1894.6782
PrG_L_6_1,左侧中央前回_6_1,2366.422,334.136,2032.2859-2700.5579,2252.998,355.0099,1897.9878-2608.0078
PrG_R_6_1,右侧中央前回_6_1,1748.124,262.1852,1485.9388-2010.3092,1665.329,298.9662,1366.3625-1964.2949
PrG_L_6_2,左侧中央前回_6_2,1954.665,338.2309,1616.4342-2292.896,1815.361,375.4574,1439.9039-2190.8186
PrG_R_6_2,右侧中央前回_6_2,2361.099,392.6177,1968.4817-2753.717,2179.802,414.0738,1765.7286-2593.8762
PrG_L_6_3,左侧中央前回_6_3,1115.647,221.2515,894.3951-1336.8981,1058.275,247.7681,810.5068-1306.043
PrG_R_6_3,右侧中央前回_6_3,1489.019,259.1248,1229.8944-1748.1439,1414.568,274.6218,1139.946-1689.1895
PrG_L_6_4,左侧中央前回_6_4,560.1064,124.1495,435.9569-684.2559,532.9642,137.1342,395.83-670.0983
PrG_R_6_4,右侧中央前回_6_4,965.3895,197.7352,767.6542-1163.1248,930.3766,217.9461,712.4305-1148.3228
PrG_L_6_5,左侧中央前回_6_5,1553.191,198.6366,1354.5546-1751.8278,1474.42,205.6512,1268.769-1680.0715
PrG_R_6_5,右侧中央前回_6_5,1383.25,201.3823,1181.8677-1584.6323,1333.486,206.1945,1127.2913-1539.6804
PrG_L_6_6,左侧中央前回_6_6,2211.075,309.3591,1901.7161-2520.4343,2002.172,306.1612,1696.0107-2308.3333
PrG_R_6_6,右侧中央前回_6_6,1964.376,280.9074,1683.4685-2245.2834,1809.845,304.1879,1505.6572-2114.033
PCL_L_2_1,左侧副中央叶_2_1,1040.232,171.0755,869.1567-1211.3076,965.5,189.6956,775.8044-1155.1956
PCL_R_2_1,右侧副中央叶_2_1,1367.27,224.0678,1143.2021-1591.3379,1237.266,217.3242,1019.9417-1454.5901
PCL_L_2_2,左侧副中央叶_2_2,1238.906,214.6685,1024.2379-1453.5748,1180.274,254.5741,925.7-1434.8481
PCL_R_2_2,右侧副中央叶_2_2,1670.13,278.1272,1392.0032-1948.2576,1562.742,307.0839,1255.6577-1869.8254
STG_L_6_1,左侧颞上回_6_1,2823.456,371.9862,2451.4697-3195.4424,2358.377,448.0018,1910.3756-2806.3794
STG_R_6_1,右侧颞上回_6_1,2780.304,360.8404,2419.4639-3141.1445,2344.11,426.9252,1917.1852-2771.0356
STG_L_6_2,左侧颞上回_6_2,1471.397,259.6755,1211.7219-1731.0728,1341.849,262.5633,1079.2854-1604.4121
STG_R_6_2,右侧颞上回_6_2,1144.477,178.6672,965.8098-1323.1443,1053.576,189.1576,864.4187-1242.7339
STG_L_6_3,左侧颞上回_6_3,2366.448,317.7114,2048.7366-2684.1594,2115.521,326.5239,1788.9971-2442.0449
STG_R_6_3,右侧颞上回_6_3,2247.469,287.3823,1960.0872-2534.8518,2056.685,316.9975,1739.6874-2373.6824
STG_L_6_4,左侧颞上回_6_4,2101.018,288.474,1812.5441-2389.4922,1910.225,293.9594,1616.2653-2204.1841
STG_R_6_4,右侧颞上回_6_4,1867.066,256.9782,1610.088-2124.0444,1796.914,310.6286,1486.2853-2107.5425
STG_L_6_5,左侧颞上回_6_5,1788.729,219.8619,1568.8668-2008.5907,1582.728,262.0188,1320.7091-1844.7467
STG_R_6_5,右侧颞上回_6_5,2278.205,275.3633,2002.8413-2553.5679,2087.325,311.0592,1776.2655-2398.3838
STG_L_6_6,左侧颞上回_6_6,1999.204,251.8498,1747.3542-2251.054,1820.013,287.7597,1532.2537-2107.7732
STG_R_6_6,右侧颞上回_6_6,1226.754,152.6438,1074.1104-1379.3979,1087.405,163.0817,924.3234-1250.4868
MTG_L_4_1,左侧颞中回_4_1,1851.2,247.4855,1603.7141-2098.6851,1599.085,276.0238,1323.061-1875.1086
MTG_R_4_1,右侧颞中回_4_1,2300.882,312.0485,1988.8336-2612.9307,1989.215,345.8906,1643.3245-2335.1057
MTG_L_4_2,左侧颞中回_4_2,2795.957,381.3384,2414.6184-3177.2952,2414.747,443.9281,1970.8185-2858.6746
MTG_R_4_2,右侧颞中回_4_2,3406.362,462.4727,2943.8896-3868.835,2997.662,539.4499,2458.2122-3537.1121
MTG_L_4_3,左侧颞中回_4_3,2157.381,304.3729,1853.0077-2461.7534,1904.692,298.7469,1605.9451-2203.4387
MTG_R_4_3,右侧颞中回_4_3,2493.041,362.7611,2130.2798-2855.8018,2229.251,382.2567,1846.9943-2611.5078
MTG_L_4_4,左侧颞中回_4_4,2771.943,390.8574,2381.0854-3162.8003,2296.448,416.1961,1880.2522-2712.6443
MTG_R_4_4,右侧颞中回_4_4,4182.503,535.5099,3646.9937-4718.0132,3546.626,566.5435,2980.083-4113.1699
ITG_L_7_1,左侧颞下回_7_1,1307.936,222.9838,1084.9526-1530.9202,1060.693,233.9265,826.7667-1294.6198
ITG_R_7_1,右侧颞下回_7_1,600.3926,95.20601,505.1866-695.5986,523.2972,110.1041,413.1931-633.4013
ITG_L_7_2,左侧颞下回_7_2,1215.271,179.5882,1035.683-1394.8593,1046.366,200.3725,845.9934-1246.7385
ITG_R_7_2,右侧颞下回_7_2,775.9478,118.0228,657.9249-893.9706,684.7847,128.1317,556.653-812.9163
ITG_L_7_3,左侧颞下回_7_3,1870.253,272.0884,1598.1649-2142.3418,1578.664,309.4406,1269.2233-1888.1044
ITG_R_7_3,右侧颞下回_7_3,1621.764,238.6413,1383.1229-1860.4056,1370.983,268.8188,1102.1644-1639.8021
ITG_L_7_4,左侧颞下回_7_4,1462.577,229.9805,1232.5966-1692.5575,1203.772,249.8318,953.9402-1453.6039
ITG_R_7_4,右侧颞下回_7_4,1631.779,241.4,1390.3787-1873.1787,1380.631,289.6025,1091.0283-1670.2332
ITG_L_7_5,左侧颞下回_7_5,1500.782,222.7427,1278.0394-1723.5248,1318.671,243.9066,1074.7646-1562.5776
ITG_R_7_5,右侧颞下回_7_5,1086.399,163.6509,922.7484-1250.0502,957.784,181.692,776.092-1139.476
ITG_L_7_6,左侧颞下回_7_6,1656.288,260.8474,1395.4402-1917.135,1389.12,310.287,1078.8325-1699.4065
ITG_R_7_6,右侧颞下回_7_6,1412.73,221.8295,1190.9005-1634.5594,1191.745,240.1257,951.6198-1431.8712
ITG_L_7_7,左侧颞下回_7_7,2159.75,292.1662,1867.5844-2451.9167,1907.756,346.9303,1560.8257-2254.6863
ITG_R_7_7,右侧颞下回_7_7,2068.561,287.2585,1781.3029-2355.8198,1837.409,322.7159,1514.6934-2160.1252
FuG_L_3_1,左侧梭状回_3_1,3989.461,489.8542,3499.6069-4479.3154,3332.573,600.8549,2731.7178-3933.4277
FuG_R_3_1,右侧梭状回_3_1,4315.223,535.8557,3779.3669-4851.0781,3605.916,652.6826,2953.2334-4258.5986
FuG_L_3_2,左侧梭状回_3_2,3587.971,443.7802,3144.1909-4031.7515,3246.727,484.4842,2762.2427-3731.2109
FuG_R_3_2,右侧梭状回_3_2,2723.746,336.9325,2386.8135-3060.6787,2462.326,366.1437,2096.1826-2828.4702
FuG_L_3_3,左侧梭状回_3_3,3430.843,430.2214,3000.6216-3861.0645,2990.01,495.803,2494.2068-3485.8127
FuG_R_3_3,右侧梭状回_3_3,3508.027,489.6458,3018.3816-3997.6731,3027.643,535.1804,2492.4622-3562.823
PhG_L_6_1,左侧旁海马_6_1,663.3808,105.4513,557.9296-768.832,504.5424,128.6872,375.8553-633.2296
PhG_R_6_1,右侧旁海马_6_1,565.4405,109.0468,456.3937-674.4873,414.8451,123.1423,291.7028-537.9873
PhG_L_6_2,左侧旁海马_6_2,678.9435,81.21068,597.7328-760.1542,584.5943,95.62924,488.9651-680.2235
PhG_R_6_2,右侧旁海马_6_2,802.5795,95.10602,707.4734-897.6855,679.1168,113.2421,565.8747-792.3589
PhG_L_6_3,左侧旁海马_6_3,676.0948,91.29851,584.7963-767.3934,547.1484,99.19559,447.9529-646.344
PhG_R_6_3,右侧旁海马_6_3,597.1028,99.29147,497.8113-696.3942,481.4028,99.97208,381.4308-581.3749
PhG_L_6_4,左侧旁海马_6_4,725.5525,106.2258,619.3267-831.7783,623.7546,123.0458,500.7088-746.8004
PhG_R_6_4,右侧旁海马_6_4,708.0634,101.2069,606.8566-809.2703,593.2476,114.3494,478.8982-707.597
PhG_L_6_5,左侧旁海马_6_5,477.3423,72.22037,405.1219-549.5626,365.4204,81.60196,283.8185-447.0224
PhG_R_6_5,右侧旁海马_6_5,684.7858,103.7325,581.0533-788.5183,534.7379,124.4706,410.2673-659.2084
PhG_L_6_6,左侧旁海马_6_6,498.8977,65.78402,433.1136-564.6817,459.7674,74.24667,385.5207-534.014
PhG_R_6_6,右侧旁海马_6_6,582.1322,73.32452,508.8077-655.4567,530.4385,87.17063,443.2679-617.6092
pSTS_L_2_1,左侧后颞上沟_2_1,1017.477,182.6483,834.829-1200.1256,857.3729,177.4519,679.921-1034.8248
pSTS_R_2_1,右侧后颞上沟_2_1,1191.747,202.1009,989.6461-1393.8478,1002.567,192.2849,810.2826-1194.8523
pSTS_L_2_2,左侧后颞上沟_2_2,1017.611,172.2955,845.3152-1189.9062,861.8922,164.7411,697.1511-1026.6333
pSTS_R_2_2,右侧后颞上沟_2_2,895.8149,132.3951,763.4198-1028.21,788.515,143.3063,645.2087-931.8214
SPL_L_5_1,左侧顶上小叶_5_1,1060.668,158.0253,902.6423-1218.6929,1006.271,190.0999,816.1709-1196.3706
SPL_R_5_1,右侧顶上小叶_5_1,1549.06,228.4594,1320.6001-1777.519,1447.454,275.3804,1172.0736-1722.8344
SPL_L_5_2,左侧顶上小叶_5_2,1307.983,190.868,1117.1152-1498.8513,1213.657,233.6637,979.9934-1447.3208
SPL_R_5_2,右侧顶上小叶_5_2,1359.677,200.8741,1158.8026-1560.5507,1265.532,226.9074,1038.625-1492.4397
SPL_L_5_3,左侧顶上小叶_5_3,1086.307,168.891,917.4165-1255.1985,981.3585,189.6759,791.6826-1171.0344
SPL_R_5_3,右侧顶上小叶_5_3,926.1011,145.9121,780.1891-1072.0132,844.7412,145.3678,699.3734-990.109
SPL_L_5_4,左侧顶上小叶_5_4,1164.405,173.6014,990.804-1338.0068,1111.498,201.3077,910.1906-1312.8059
SPL_R_5_4,右侧顶上小叶_5_4,1139.917,179.6919,960.2252-1319.609,1062.066,209.3747,852.6913-1271.4406
SPL_L_5_5,左侧顶上小叶_5_5,911.5407,151.5464,759.9943-1063.087,833.6346,169.6675,663.9671-1003.3022
SPL_R_5_5,右侧顶上小叶_5_5,1179.928,214.2808,965.6471-1394.2086,1073.139,223.0856,850.0536-1296.2247
IPL_L_6_1,左侧顶下小叶_6_1,3468.83,473.7661,2995.0637-3942.5959,3125.119,552.1982,2572.9207-3677.3171
IPL_R_6_1,右侧顶下小叶_6_1,3910.128,533.7527,3376.3757-4443.8809,3501.548,569.4977,2932.0498-4071.0454
IPL_L_6_2,左侧顶下小叶_6_2,2258.059,328.8263,1929.2325-2586.8853,2051.529,374.1967,1677.3325-2425.7261
IPL_R_6_2,右侧顶下小叶_6_2,2793.279,356.1064,2437.1726-3149.3855,2552.392,415.623,2136.7688-2968.0149
IPL_L_6_3,左侧顶下小叶_6_3,2702.111,355.5139,2346.5969-3057.6248,2399.273,342.6755,2056.5977-2741.9487
IPL_R_6_3,右侧顶下小叶_6_3,3024.989,386.503,2638.4863-3411.4922,2724.219,428.6931,2295.5254-3152.9116
IPL_L_6_4,左侧顶下小叶_6_4,3300.513,421.7003,2878.8127-3722.2131,2935,430.9341,2504.0659-3365.9341
IPL_R_6_4,右侧顶下小叶_6_4,3688.221,493.7196,3194.5012-4181.9404,3318.948,540.6512,2778.2969-3859.5996
IPL_L_6_5,左侧顶下小叶_6_5,4723.167,611.112,4112.0552-5334.2788,4162.574,677.0443,3485.53-4839.6187
IPL_R_6_5,右侧顶下小叶_6_5,4184.812,513.488,3671.324-4698.2998,3702.826,598.7128,3104.1133-4301.5391
IPL_L_6_6,左侧顶下小叶_6_6,3393.831,515.4722,2878.3591-3909.3035,3047.265,467.9711,2579.2935-3515.2358
IPL_R_6_6,右侧顶下小叶_6_6,4042.576,584.7162,3457.8594-4627.292,3678.848,562.5511,3116.2974-4241.3994
PCun_L_4_1,左侧楔前叶_4_1,1606.97,265.7223,1341.2473-1872.6919,1463.158,310.8193,1152.3386-1773.9773
PCun_R_4_1,右侧楔前叶_4_1,1470.054,235.8476,1234.2067-1705.902,1353.378,270.5028,1082.8755-1623.8811
PCun_L_4_2,左侧楔前叶_4_2,1685.017,247.693,1437.3241-1932.7101,1562.631,284.3279,1278.3035-1846.9592
PCun_R_4_2,右侧楔前叶_4_2,1943.976,271.7048,1672.2715-2215.6809,1800.494,315.4338,1485.0599-2115.9275
PCun_L_4_3,左侧楔前叶_4_3,2969.15,442.8886,2526.2617-3412.0391,2677.817,481.507,2196.3101-3159.3242
PCun_R_4_3,右侧楔前叶_4_3,3486.074,547.0961,2938.9783-4033.1707,3132.684,546.3597,2586.3242-3679.0435
PCun_L_4_4,左侧楔前叶_4_4,2822.412,424.9029,2397.5093-3247.3149,2490.44,489.3863,2001.0537-2979.8262
PCun_R_4_4,右侧楔前叶_4_4,3085.645,464.8829,2620.7617-3550.5273,2750.648,538.6039,2212.0444-3289.252
PoG_L_4_1,左侧中央后回_4_1,2188.174,314.7649,1873.4092-2502.939,2029.987,338.8087,1691.1779-2368.7952
PoG_R_4_1,右侧中央后回_4_1,2269.061,312.9539,1956.1067-2582.0144,2131.276,339.8148,1791.4612-2471.0906
PoG_L_4_2,左侧中央后回_4_2,2113.869,290.7631,1823.1062-2404.6326,1955.938,289.6714,1666.2666-2245.6094
PoG_R_4_2,右侧中央后回_4_2,2017.206,284.9715,1732.2347-2302.1777,1905.108,287.698,1617.4104-2192.8064
PoG_L_4_3,左侧中央后回_4_3,1917.047,286.64,1630.4073-2203.6875,1727.854,286.2547,1441.5995-2014.1088
PoG_R_4_3,右侧中央后回_4_3,2134.319,340.607,1793.7122-2474.926,1947.283,333.5687,1613.7144-2280.8518
PoG_L_4_4,左侧中央后回_4_4,1425.068,232.3196,1192.7482-1657.3873,1356.407,272.7495,1083.658-1629.157
PoG_R_4_4,右侧中央后回_4_4,1111.649,189.8997,921.7498-1301.5491,1080.179,217.2902,862.8889-1297.4692
INS_L_6_1,左侧脑岛_6_1,1113.765,147.6555,966.109-1261.42,1026.112,155.0224,871.0895-1181.1344
INS_R_6_1,右侧脑岛_6_1,965.2871,132.4655,832.8215-1097.7527,868.2618,134.4559,733.8059-1002.7177
INS_L_6_2,左侧脑岛_6_2,928.9363,117.9188,811.0176-1046.8551,849.4727,127.0743,722.3984-976.547
INS_R_6_2,右侧脑岛_6_2,918.8793,109.2968,809.5826-1028.1761,856.9625,123.6397,733.3228-980.6021
INS_L_6_3,左侧脑岛_6_3,993.8702,118.9234,874.9469-1112.7936,924.6774,131.1071,793.5703-1055.7844
INS_R_6_3,右侧脑岛_6_3,975.8282,118.0701,857.7581-1093.8983,896.2487,133.825,762.4237-1030.0737
INS_L_6_4,左侧脑岛_6_4,1063.676,111.0408,952.6348-1174.7163,1008.011,128.3036,879.7076-1136.3147
INS_R_6_4,右侧脑岛_6_4,1179.082,132.8096,1046.2723-1311.8915,1094.903,152.1694,942.7339-1247.0728
INS_L_6_5,左侧脑岛_6_5,1116.617,130.0395,986.5779-1246.657,1040.997,141.1888,899.8079-1182.1855
INS_R_6_5,右侧脑岛_6_5,1058.676,134.9837,923.692-1193.6593,971.3893,135.9579,835.4314-1107.3473
INS_L_6_6,左侧脑岛_6_6,1404.271,173.1342,1231.1365-1577.405,1297.21,187.2472,1109.9626-1484.457
INS_R_6_6,右侧脑岛_6_6,1211.377,157.7697,1053.6069-1369.1462,1109.778,171.1677,938.6104-1280.9458
CG_L_7_1,左侧扣带回_7_1,1662.636,232.2618,1430.3744-1894.8981,1467.427,247.9108,1219.5164-1715.3379
CG_R_7_1,右侧扣带回_7_1,1465.821,203.0274,1262.7937-1668.8486,1309.887,227.9359,1081.9513-1537.8231
CG_L_7_2,左侧扣带回_7_2,616.2302,94.56297,521.6672-710.7932,592.1837,99.78586,492.3978-691.9695
CG_R_7_2,右侧扣带回_7_2,925.8015,150.2482,775.5533-1076.0496,900.4982,176.027,724.4713-1076.5253
CG_L_7_3,左侧扣带回_7_3,1601.658,227.2159,1374.4419-1828.8738,1486.261,223.7799,1262.4807-1710.0405
CG_R_7_3,右侧扣带回_7_3,1294.208,197.0185,1097.1893-1491.2262,1218.848,205.5211,1013.3271-1424.3694
CG_L_7_4,左侧扣带回_7_4,1232.555,170.7025,1061.8527-1403.2577,1130.655,179.2974,951.3572-1309.9519
CG_R_7_4,右侧扣带回_7_4,1112.687,151.3507,961.3364-1264.0378,1035.13,169.0473,866.0829-1204.1775
CG_L_7_5,左侧扣带回_7_5,1153.615,169.425,984.1901-1323.0402,1079.305,172.3811,906.9241-1251.6863
CG_R_7_5,右侧扣带回_7_5,942.7418,136.063,806.6787-1078.8048,887.0804,148.1189,738.9615-1035.1993
CG_L_7_6,左侧扣带回_7_6,1908.629,225.8799,1682.7488-2134.5085,1721.697,238.5625,1483.1343-1960.2593
CG_R_7_6,右侧扣带回_7_6,1830.621,211.5538,1619.0673-2042.1749,1669.282,211.8181,1457.4635-1881.0997
CG_L_7_7,左侧扣带回_7_7,2188.56,337.5566,1851.0032-2526.1165,1996.056,339.5244,1656.5319-2335.5806
CG_R_7_7,右侧扣带回_7_7,1491.665,229.0477,1262.6169-1720.7124,1426.168,247.3246,1178.8433-1673.4924
MVOcC_L_5_1,左侧腹侧内侧枕叶皮层_5_1,1669.485,263.7402,1405.7452-1933.2257,1577.494,302.1956,1275.2986-1879.6899
MVOcC_R_5_1,右侧腹侧内侧枕叶皮层_5_1,2106.109,324.2248,1781.884-2430.3337,1964.344,353.3852,1610.959-2317.7292
MVOcC_L_5_2,左侧腹侧内侧枕叶皮层_5_2,2531.319,383.8467,2147.4722-2915.1655,2348.205,451.7193,1896.4856-2799.9241
MVOcC_R_5_2,右侧腹侧内侧枕叶皮层_5_2,2596.102,383.171,2212.9312-2979.2729,2398.166,424.3592,1973.8064-2822.5247
MVOcC_L_5_3,左侧腹侧内侧枕叶皮层_5_3,1916.092,316.3474,1599.7441-2232.439,1834.125,365.7182,1468.4072-2199.8438
MVOcC_R_5_3,右侧腹侧内侧枕叶皮层_5_3,1847.356,281.1212,1566.2354-2128.4775,1723.658,311.2234,1412.4346-2034.8816
MVOcC_L_5_4,左侧腹侧内侧枕叶皮层_5_4,2747.556,328.5344,2419.0212-3076.0901,2576.697,376.9609,2199.7356-2953.6575
MVOcC_R_5_4,右侧腹侧内侧枕叶皮层_5_4,3302.281,400.5368,2901.7437-3702.8174,3029.519,444.7791,2584.7397-3474.2979
MVOcC_L_5_5,左侧腹侧内侧枕叶皮层_5_5,2799.837,443.2967,2356.5408-3243.134,2529.847,470.7275,2059.1191-3000.5742
MVOcC_R_5_5,右侧腹侧内侧枕叶皮层_5_5,2844.994,461.0172,2383.9771-3306.0117,2598.269,489.9532,2108.3162-3088.2224
LOcC_L_4_1,左侧外侧枕叶皮层_4_1,2324.247,317.5498,2006.6968-2641.7964,2099.131,373.1935,1725.9379-2472.3247
LOcC_R_4_1,右侧外侧枕叶皮层_4_1,2670.997,364.2179,2306.7788-3035.2144,2389.57,429.9609,1959.6086-2819.5305
LOcC_L_4_2,左侧外侧枕叶皮层_4_2,2397.226,346.0047,2051.2212-2743.2305,2089.492,368.4841,1721.0076-2457.9758
LOcC_R_4_2,右侧外侧枕叶皮层_4_2,2689.046,413.3623,2275.6841-3102.4087,2381.286,412.6186,1968.6677-2793.905
LOcC_L_4_3,左侧外侧枕叶皮层_4_3,2946.461,457.5917,2488.8694-3404.053,2763.536,515.5817,2247.9539-3279.1174
LOcC_R_4_3,右侧外侧枕叶皮层_4_3,3032.705,447.9964,2584.7087-3480.7014,2801.423,522.46,2278.9626-3323.8826
LOcC_L_4_4,左侧外侧枕叶皮层_4_4,3426.988,465.8377,2961.1499-3892.8252,3156.602,546.4651,2610.1365-3703.0667
LOcC_R_4_4,右侧外侧枕叶皮层_4_4,3103.673,423.1635,2680.5093-3526.8359,2863.637,499.3458,2364.2913-3362.9827
LOcC_L_2_1,左侧外侧枕叶皮层_2_1,1714.665,247.6296,1467.035-1962.2943,1610.499,294.158,1316.3412-1904.6571
LOcC_R_2_1,右侧外侧枕叶皮层_2_1,1900.194,277.24,1622.9542-2177.4341,1782.57,302.8336,1479.7367-2085.4038
LOcC_L_2_2,左侧外侧枕叶皮层_2_2,1549.671,221.4924,1328.1788-1771.1637,1428.898,253.3658,1175.5321-1682.2638
LOcC_R_2_2,右侧外侧枕叶皮层_2_2,2374.984,391.0358,1983.9481-2766.0198,2121.195,411.4713,1709.7241-2532.6665
Amyg_L_2_1,左侧杏仁核_2_1,686.6162,89.9628,596.6534-776.579,519.3323,117.1562,402.1761-636.4885
Amyg_R_2_1,右侧杏仁核_2_1,1060.3,131.9919,928.3079-1192.2915,815.5798,177.3597,638.22-992.9395
Amyg_L_2_2,左侧杏仁核_2_2,439.4486,50.6777,388.7709-490.1263,355.2227,66.24504,288.9777-421.4678
Amyg_R_2_2,右侧杏仁核_2_2,546.8354,65.26688,481.5685-612.1023,438.4295,83.98383,354.4457-522.4133
Hipp_L_2_1,左侧海马_2_1,2542.656,314.455,2228.2014-2857.1116,1949.465,391.8105,1557.6543-2341.2751
Hipp_R_2_1,右侧海马_2_1,2151.605,262.7764,1888.8286-2414.3813,1707.979,334.4764,1373.5023-2042.4552
Hipp_L_2_2,左侧海马_2_2,2196.209,241.0891,1955.1199-2437.2981,1739.79,290.9536,1448.8363-2030.7435
Hipp_R_2_2,右侧海马_2_2,2313.873,287.4498,2026.4229-2601.3223,1769.31,365.0843,1404.2261-2134.3945
BG_L_6_1,左侧基底核_6_1,1738.22,212.1268,1526.0936-1950.3473,1656.312,252.7646,1403.547-1909.0763
BG_R_6_1,右侧基底核_6_1,1338.455,172.9635,1165.4917-1511.4187,1295.854,191.8614,1103.9922-1487.7151
BG_L_6_2,左侧基底核_6_2,667.6578,108.3657,559.2921-776.0236,652.3904,120.1969,532.1936-772.5873
BG_R_6_2,右侧基底核_6_2,704.2379,111.2017,593.0363-815.4396,691.0493,125.4424,565.6068-816.4917
BG_L_6_3,左侧基底核_6_3,1190.913,123.8215,1067.0918-1314.7346,1084.296,149.7976,934.4982-1234.0934
BG_R_6_3,右侧基底核_6_3,1628.148,174.7514,1453.3969-1802.8995,1503.359,200.2918,1303.0674-1703.6509
BG_L_6_4,左侧基底核_6_4,1186.911,166.3481,1020.5629-1353.2592,1164.593,187.1262,977.467-1351.7192
BG_R_6_4,右侧基底核_6_4,962.6592,134.0236,828.6356-1096.6827,944.4421,151.4442,792.998-1095.8864
BG_L_6_5,左侧基底核_6_5,1744.014,279.136,1464.8777-2023.1497,1665.092,316.9369,1348.1552-1982.0289
BG_R_6_5,右侧基底核_6_5,2501.553,399.2337,2102.3191-2900.7864,2417.256,461.5291,1955.7268-2878.7849
BG_L_6_6,左侧基底核_6_6,1576.834,222.675,1354.1592-1799.5093,1510.447,229.066,1281.3811-1739.5132
BG_R_6_6,右侧基底核_6_6,1628.537,230.0028,1398.5338-1858.5394,1580.862,236.6771,1344.1848-1817.5391
Tha_L_8_1,左侧丘脑_8_1,766.9522,109.0543,657.8979-876.0065,656.9263,139.013,517.9133-795.9393
Tha_R_8_1,右侧丘脑_8_1,726.5953,105.9967,620.5987-832.592,620.5912,143.6033,476.9879-764.1945
Tha_L_8_2,左侧丘脑_8_2,98.55423,36.0723,62.4819-134.6265,110.2611,43.33792,66.9232-153.599
Tha_R_8_2,右侧丘脑_8_2,309.7679,36.31049,273.4575-346.0784,297.2014,43.56866,253.6328-340.7701
Tha_L_8_3,左侧丘脑_8_3,316.6198,46.23335,270.3865-362.8531,299.2646,52.03792,247.2267-351.3025
Tha_R_8_3,右侧丘脑_8_3,380.9339,47.08813,333.8458-428.0221,360.1953,55.60524,304.5901-415.8005
Tha_L_8_4,左侧丘脑_8_4,680.4784,87.74143,592.7369-768.2198,579.3795,92.55447,486.825-671.934
Tha_R_8_4,右侧丘脑_8_4,747.5875,113.7099,633.8776-861.2974,632.5645,116.962,515.6025-749.5265
Tha_L_8_5,左侧丘脑_8_5,863.1629,109.4371,753.7258-972.6,768.1818,143.2564,624.9254-911.4382
Tha_R_8_5,右侧丘脑_8_5,782.0609,99.68182,682.379-881.7427,689.0685,130.6353,558.4332-819.7039
Tha_L_8_6,左侧丘脑_8_6,707.5895,92.83294,614.7565-800.4224,609.0547,115.4128,493.6418-724.4675
Tha_R_8_6,右侧丘脑_8_6,594.6122,81.27318,513.339-675.8854,504.9567,98.07036,406.8864-603.0271
Tha_L_8_7,左侧丘脑_8_7,726.9509,89.10972,637.8412-816.0607,642.5167,107.6665,534.8502-750.1832
Tha_R_8_7,右侧丘脑_8_7,498.9325,57.39185,441.5406-556.3243,445.0937,66.59824,378.4955-511.6919
Tha_L_8_8,左侧丘脑_8_8,947.9188,108.5862,839.3326-1056.505,868.9692,141.0996,727.8696-1010.0688
Tha_R_8_8,右侧丘脑_8_8,1118.523,138.5154,980.0079-1257.0387,989.2911,180.6113,808.6798-1169.9023
